Date,WELL,PLD,AMT,EQIX,SPG,O,PSA,DLR,CBRE,CCI,CSGP,VICI,VTR,IRM,EXR,AVB,EQR,SBAC,WY,ESS,INVH,MAA,KIM,DOC,ARE,REG,CPT,BXP,UDR,HST
2025-04-07,100.49671415301123,99.86173569882881,100.6476885381007,101.52302985640803,99.76584662527667,99.76586304305081,101.57921281550739,100.76743472915291,99.53052561406504,100.54256004358596,99.53658230718754,99.53427024642974,100.24196227156604,98.0867197553422,98.27508216748697,99.43771247075902,98.98716887966557,100.31424733259527,99.09197592447879,98.58769629866471,101.46564876892155,99.77422369951347,100.06752820468792,98.57525181378654,99.45561727547482,100.11092258970987,98.8490064225777,100.37569801834567,99.39936131008119,99.70830625020672
2025-04-08,99.89500754078183,101.71401388333776,100.63419131336276,100.46531892745213,100.58839153737985,98.5450193930798,101.78807641051215,98.80776460527314,98.20233956516661,100.73942127945509,100.27504888718295,99.70563852761971,100.12631398917779,97.78561605975291,96.79656017711955,98.71786826236432,98.52653010870578,101.3713695588142,99.43559421404726,96.82465614330198,101.78973273831635,99.38914141909714,99.39060620438197,99.1869281026274,100.48661679797077,101.04220270882607,98.00978889935506,100.06648564249446,99.73062474148476,100.68385137732908
2025-04-09,99.41583330293655,101.52835490667394,99.52785633935673,99.26911230337146,101.40091735977406,99.90125942165062,101.71606628893181,99.81129750316515,98.56397559021426,100.09430152484997,100.63644449269137,101.24367509408569,100.09048795006784,99.35025971556692,94.1768150730298,99.53977076673954,98.61357717694396,101.07236220834832,99.52735499058275,94.83708722870108,101.57006085047884,99.74625399060889,100.86850024912349,98.66865788435376,99.67812319507757,100.54044566524153,98.92519101705713,100.39523675215415,99.20086453771772,101.19711881044243
2025-04-10,99.51291085228459,102.49699989720682,98.82580324547938,98.94145015677368,101.0088092066419,98.4377444735185,102.01218656599639,100.07235277534505,98.56908904685672,99.85971439147481,99.22107375064095,100.82302977132032,99.74777343354107,98.5479824463453,94.01552936136379,99.94382162355409,100.49976307815449,101.24694002118017,99.78490538130552,94.76264131293492,99.6512896351798,99.71974011515968,100.92873045906451,101.13189999683905,99.48576223029646,100.84199300757514,98.89047924735189,99.2265587145346,100.34368735223273,101.94905184312921
2025-04-11,100.30394279932763,101.58761244241208,100.22859755641548,97.53959909398141,101.59566630044216,100.62820009932848,101.0216502408657,99.50605504574227,98.66874041194436,99.35623873735862,97.67041031957481,100.89159274612635,98.68546971981496,99.02157487698048,93.09610512712999,101.49375602857162,99.71650978581825,100.92487850497449,100.59842259867519,93.53177699650095,99.87874956978392,101.0268828694421,99.32124722450328,101.31653385537135,99.74564502454488,101.62381587935245,97.65352853647381,97.90610210145033,100.86562891784963,102.2460365163624
2025-04-14,100.55443564967351,101.93406065190906,99.54857283483699,97.77185279114241,101.88873877374084,99.91384868130211,102.88742475201046,99.97988796665406,97.4774369147417,100.01279234599245,96.69572864934749,101.6786773498688,99.84406529882237,98.20089255862877,94.05948125637431,101.90653695550812,100.53856994581274,102.82167148762844,100.35303448267231,92.77804083214347,98.9892351401584,100.21107258447667,99.24414551508917,101.657685830188,100.0223358238749,102.45099912838847,97.66653042835172,99.35963617860764,100.60097208461168,104.96620568295202
2025-04-15,101.18010299743851,101.07690309549278,98.47768033677588,98.25432520638559,101.66527598841499,100.6278491753942,103.360662376584,99.90705905399719,96.6306431966733,98.49794512130659,96.24921369728047,102.53507614419227,100.05815904295258,96.95515377991678,94.23266218222548,102.29185433523696,99.65471250961161,102.97539659357396,100.41124320111831,91.63507053431285,99.34702250050668,100.7718571108449,100.32719675826445,102.7114878822229,98.64466645591781,101.51317408847335,98.18156569556038,99.87342212951985,101.11601977091773,108.81893717360674
2025-04-16,101.75099350813169,102.21246873567338,99.43168210026907,98.9057164576914,101.35000674377464,101.38681839588747,102.58783716204643,99.67024044725719,96.1452796488442,98.5798192606929,98.56387226395398,100.66781095160053,100.7444192333271,95.34243790872713,93.76073031643605,103.38080493220433,99.71899252870708,101.89765181564465,99.69593949185835,92.31466828324753,98.61665586878955,100.98831570042688,100.37276859816826,102.05988753461709,100.78861054524313,102.14709311079136,96.15642310890277,100.05987644428929,100.45423330614935,109.67137050840296
2025-04-17,100.95847276969899,102.09773229420648,99.93666937924954,99.77147165186152,100.14971033671887,101.05231716004653,102.11289185088548,99.01691121468347,97.9107338891253,98.98480097165385,97.30298830961894,101.5856728986553,102.86657543033972,96.37490316927828,92.24136035048204,102.89657085933807,100.9859036778937,101.18998235002587,100.13975892000458,93.08930233667687,97.68972539721146,100.92879034436508,97.13150125809919,101.03549989328279,100.53604239384998,100.89930992882651,97.7888344128344,98.62973506632865,100.01418881945236,109.80211108568905
2025-04-18,102.3997460587651,100.66187014302704,101.0998331314045,99.7817047128811,99.16820168567092,101.5144206343098,102.31195154645894,98.41669433752467,97.98053597411531,98.5994873747921,97.41650565487018,102.24780357317636,104.45259224648507,95.13708767045144,94.3743937251383,100.94448305981557,100.83411858285811,101.77829955651045,100.4207507877396,92.46660281685627,97.48160314685418,100.43578940970625,96.54213650115499,101.88510199030382,100.89305787981502,100.20640033356585,98.68843428826766,98.93703458720526,100.82705093829132,110.43173992761267
2025-04-21,101.57075104784303,100.10168910283006,101.84712673652776,100.39207497831457,99.14730009170677,101.63174801761858,103.58961644224738,97.82512294868884,98.52763335528535,98.39729472235821,97.19882445164296,103.34658042516354,105.27800859547311,95.95059730645207,95.67987253229263,100.96548690144833,101.51607155415307,101.468032799917,100.74491714022805,92.33645976248857,97.57859911184691,101.03094643514316,95.72391581792151,103.97748926598928,99.88704049831532,98.99221172077813,99.84654516176772,99.7286972811682,101.45117075534347,111.06008543687695
2025-04-22,101.55850427499611,99.20443473134424,101.92293129472148,99.71491326680245,100.12241982512452,101.48469063611644,102.76411924545486,97.50373710703585,98.94056480956097,97.83357016955424,96.37660405607653,103.59026763665545,105.52297516658183,95.44365413108093,95.20883422667431,101.19753683880596,100.06798721265575,100.06056902554045,100.02647291897561,92.12301261077673,97.88950667744491,102.50630265209271,96.58157544112353,103.81755073602585,99.86802429041263,97.98968235614032,99.82803202577533,99.44003864224806,101.77388931568156,110.23285449332462
2025-04-23,102.07785078923729,100.73717364434681,101.81417114626463,100.11662498890139,100.81256381683563,101.0834701642306,102.98821172726528,97.51632950781764,99.0382409081098,97.06056038569876,96.40111423033548,104.0882659279009,106.97411877437688,96.40292495716615,97.36201668418587,100.43018927591791,100.94030784937642,100.24391103127878,102.21627585219329,91.31471432542158,97.04978483526413,101.90691000664869,94.45767971681371,103.29179571434508,99.10889162885893,98.14007614261652,100.16978800155249,101.31620948146394,102.72431315386761,109.65595083766222
2025-04-24,101.17943611788893,101.22909281585332,100.49393793924398,101.94808375475574,101.99200393755693,100.6142945121259,101.2750771981744,98.87020188198306,98.92370106285719,98.29837669767223,94.8066865715411,103.48889090494713,106.97936247409505,96.4499055509309,96.91195121270663,101.05303920826542,99.87268741999384,100.1015315462575,102.33657148390519,91.82915315948033,97.76139971335303,100.78226791481082,92.9235655460781,104.5694725362436,99.44120564083852,97.39158960605997,101.72093997707502,101.4318841157568,103.90361033793144,109.72346931907234
2025-04-25,103.2401840427709,102.98443365829652,100.2449737907649,102.9196547057101,102.63737988714207,101.98292606965825,100.31015373759429,99.5562533419815,99.98212554970678,96.53963721124912,93.62342805887533,101.44965872718703,106.7099556396505,97.16744780672686,98.41430826480266,101.12713398868519,101.50130296556513,98.72143008804261,100.63318904455004,91.77360546058371,98.14546516229234,100.74957316671673,90.85612344603823,104.48035249673082,98.13673614033367,98.06126215489002,102.08753822317186,100.49200432942945,103.38974342059474,108.66425579718339
2025-04-28,103.17750494549774,103.93957597879776,99.25924774442936,103.42370122122794,102.10712226876963,101.1900532373959,100.20312337763974,98.52101101956212,99.42847624435959,95.34175931866027,95.58815319179172,101.48492227915875,106.0102301316579,97.38142771746108,98.30198021511183,100.90616438915197,102.11546966560856,99.47893779808992,100.1026878969395,91.19778721993903,97.87041346514069,98.44765200198114,89.34093238383967,105.84722676417533,99.78170385383495,97.81222611533363,102.66409518622763,100.80325448397299,106.46862422904998,109.78383070861796
2025-04-29,103.04958735401698,102.98403553819733,97.6528014241718,103.62716485709517,101.35077152348532,99.76779952779823,99.55655049339721,97.43946301594772,101.11561787943216,96.22339907560972,95.5801805504751,102.96486641804879,106.08759843930552,96.5201435161328,99.82510429238148,101.44507443283662,101.07822351128209,99.28859912000631,99.22706964355474,89.8149874889747,98.79659101267234,100.35706864245127,87.94236481002054,106.41019600086591,99.13106128471313,97.32510073156894,102.07170126198876,99.93926371429318,106.51714585699482,108.95288059220692
2025-04-30,103.32004417979681,102.9337974287482,97.41385337730539,102.71960119505357,100.774000192917,100.52319075362398,100.05746768102159,96.46190777114919,101.21495018486138,96.9747861989815,93.91077526935373,103.50822661042872,105.42497468035968,97.09074218472597,99.06184513583896,99.6401923321721,99.45068107339894,99.33668406666769,99.48679214527623,88.91067086387028,99.4351834714497,98.6955485801823,87.87628501137321,105.19917980110345,98.47922517691097,97.37249940288535,101.2112878967048,99.55470817006335,107.52343866620924,108.37598872268377
2025-05-01,104.15573629186196,101.80409057409058,97.94365755522067,104.16116981571147,98.3023556927897,99.7262954981535,100.63453980820213,96.25886238510618,101.5860960582327,96.37080101226569,93.99736505682664,103.35254937503665,106.59275674201949,97.34516302802719,99.39944779791416,99.22831536604964,98.96307484932645,98.90412587884806,99.88124428765452,88.48968638305003,99.72495832834612,100.77094937882775,88.7474097148049,104.87315626893562,99.68043909907492,96.96442402986379,99.17316336152695,98.54662185914594,105.6526467451834,108.02447523864245
2025-05-02,104.17415467105151,103.48052788636586,98.27058492898483,103.94206928690261,99.1317612739732,97.51516018914562,100.8701543663107,97.02972757899315,100.10750981245285,97.51455505547261,94.33586146432104,102.93726146113583,107.22553860812577,99.61585588583158,99.58131405297266,99.47653595234998,98.5037139497862,98.05428150938327,100.71158010419877,87.63360255714116,99.7965245655655,100.29329193206263,89.2263895405513,105.20681837422256,100.71797904333282,96.45440763100905,98.90328842623359,97.56785814336364,105.20835348510728,108.40177573168731
2025-05-05,104.93114328769686,102.55836256218824,99.14019084909049,105.29770714570756,99.5451961771969,99.39195600170369,100.09636516720713,95.78507287568173,98.32878956354857,99.0105993669618,94.9902271206751,102.88167679022538,107.50550723444559,98.4903668385332,102.02706603258949,99.6057571343252,98.61310874439108,98.78004813328197,101.19258933593548,87.85748658142029,99.0060501101202,100.76476028919863,91.10841403702634,106.55223842037753,102.31116566997221,95.94319195457787,97.913683605975,97.44207122326398,105.26407839739598,109.49596725015826
2025-05-06,103.23867865798204,104.08791288164886,98.9821829505115,104.87082607576014,98.53309180193673,97.73709932983792,100.91953575116904,95.85839084287014,97.03882866380752,97.71552059489818,94.65444242138497,104.55069831551478,107.24591588308199,96.98722388541509,101.78132296850355,99.33303356457753,95.91622210144952,98.72575326676416,100.96165480572681,88.55369294623371,100.85500620506555,101.89132531874638,90.8395253464715,105.44571251163586,104.88452547322207,96.00241038859235,97.92761289788794,97.41794613615399,105.46216315816383,109.35160683823432
2025-05-07,102.66501665110181,103.54105394040846,98.9494296802955,104.32740130462638,97.82024601925957,97.84352955752982,100.66455853374818,97.36238383145283,94.3878588554145,98.80702744682064,95.9005276138826,102.47730808310662,106.90322828900165,96.6157830194193,100.37381127378572,98.55521687698665,94.80564625598369,100.47802371018777,101.89733319887426,89.82524804122787,101.57667826910878,100.76227354752916,90.31500508019172,105.93508707286378,103.66239766433013,96.71540881876474,97.6872874997298,97.04312532860439,106.17312312636733,109.79587014972036
2025-05-08,102.30405048528272,104.7003837437727,97.8683663526956,104.94333691157064,98.41334727722794,97.53398311821583,100.9906915559903,96.11127025506752,95.31188587462141,98.62212531037765,95.37780459336356,103.52631730894352,106.19888459845887,95.20732172305574,98.81718210026182,99.16122682833229,93.5252169034874,102.23281789217214,99.81540379099054,91.52170440951791,101.78769573631139,100.66556043565876,89.77008599338278,106.33422318721585,103.62476296190528,97.81871070078127,97.80151514839186,97.19342709006627,105.80951091415346,109.7389245259993
2025-05-09,102.61185225417478,102.99021535111609,96.52018093058989,105.68660100559336,98.58421271535589,97.34999978186315,101.00912548905569,96.4588519604292,94.77212619431205,97.84382058497533,95.57364984846124,102.54794453132848,106.60713735417335,93.5047381188179,99.84633773758746,99.63382431074534,93.78124663780127,103.21550887611765,101.48087823545312,92.53607447453604,99.94682150497975,99.38598346892306,89.1452674156871,106.36031423742669,104.1424219823744,97.0929668876278,97.98828191286893,96.43804415771294,105.19799311116152,108.33226342915107
2025-05-12,101.68861900806388,101.63853074549975,95.54430767761255,106.7402428022012,97.63481382652395,99.98238184670053,101.50244338993659,96.64368808412407,93.91376841413083,98.54413046438432,94.99801202222348,102.66995434597385,109.16722189244214,93.40867821909325,100.99561106387314,98.93064788561945,93.74625814730432,104.98630951175316,100.85391117766535,94.34852303253297,100.65457344043523,98.8235166930288,89.77767515474261,107.33286868705342,104.7642319445916,95.52274216773735,97.26114473704406,96.19052552216144,105.12355968206147,108.95293552670175
2025-05-13,101.86632000899714,100.30318638678965,95.92450552861852,107.35082854748502,98.19460427445499,101.06316257225515,102.33636554448549,97.10286816335251,93.84360270267219,96.88316953086834,95.42763024135606,102.87764203313695,109.43880072963752,92.13192964327294,99.91455452346487,99.98380073895235,93.70670299344766,105.66781020912579,100.88222955379581,94.37827917202871,101.59285724641123,98.30747196481143,89.8737959316836,106.87059339834838,104.32973571715928,95.2135700442687,97.48327850867777,95.71177690049795,106.379315807635,108.05832822448224
2025-05-14,101.67944836483578,99.86345532851547,97.37148341297225,107.5473833239966,99.22644881392362,99.57760219921819,102.60341581035475,97.99249895897594,93.92588669194761,97.94864990593369,94.91034179125569,104.28698947332254,111.73769885325677,91.76909108283328,99.4690520020641,101.43718521607005,95.28627513917837,105.14495018197252,100.46204273669996,94.0964945631682,100.24840673537695,97.38882001832722,88.86965516493153,106.10279583324424,104.2950508297725,95.44778477680522,99.03377900149185,94.71342285975916,107.36363820611157,107.84433938025674
2025-05-15,101.62998465518334,100.53827482068208,96.24876139140996,107.92979307018064,99.39290102213668,100.07005346322633,102.89258445426256,100.44779909888683,93.2881467076963,97.41765295093187,94.28720126483093,103.73151235416228,111.10031172595025,92.95810761394084,100.88955625005396,100.86643892232058,94.45391956607415,105.61636573835892,99.90981969241899,94.72942638092371,100.45132975622825,95.87307590332999,90.4171603662616,107.89867350633976,103.68226213928811,95.06008321686924,99.31964439221676,95.04787964974619,108.02218247878442,109.85454391902309
2025-05-16,101.4530374276893,99.73997757614363,94.86944216339543,107.19886303023873,99.35977404926288,101.86461132674413,102.37497315522639,100.67158705052574,93.27172381162354,98.60604622437995,96.81413369070455,103.20064358124196,110.61087228343203,94.00226849100991,101.57144773968027,102.71314624805662,95.03784775140011,105.25707364757186,100.5004745231113,95.83812996150662,101.27181193742561,96.38034993443729,91.48383505585075,109.06796909678545,105.06442113032564,95.70879310445888,99.1525263118999,95.19459333617951,109.22869144529277,109.03760824803585
2025-05-19,101.8217107365622,99.34663876381626,94.89818698633024,108.47731489284602,99.55087311728278,101.91104787490028,101.01511701424647,101.41784061655295,93.91720799276462,100.76930094768542,96.50635545575155,103.4197939089059,110.86025596714279,95.57972177077338,101.47615220729332,102.99216777382695,95.64574426111665,105.44368277072822,100.05404090856076,96.03221995440492,102.34544368728538,95.35383463502623,91.61680472999763,108.36784828184626,106.25946775925048,94.1856061996751,98.59360446462831,95.57180521124404,110.7942154745271,108.97185798696286
2025-05-20,101.266511209869,101.22779583325685,93.450173085914,106.27850893622595,99.99088756733612,101.40899365054766,99.99388419711576,102.12619706385232,94.16100870653581,100.20522231694869,95.22605105708065,104.29225123718605,111.51045714510144,95.480545906994,103.32278920334099,101.9220830075008,94.12021909019191,104.75177470084698,100.00845489220526,96.27555940372763,102.10420762942906,95.70589003154052,90.36526530580718,109.81161288591953,106.17731658085792,95.30290203126323,98.93632981100602,96.02855843039782,111.36398275475932,109.41956654698018
2025-05-21,101.90923396973653,102.55694836338928,93.64669425561547,106.98751269381445,99.90115187304889,102.84911086599713,99.31749189505649,103.92713749676312,94.12085075589147,98.77444721483064,95.35415547199145,103.61119957971117,112.35110069409018,94.8279219276916,102.8766057701262,100.03254227655526,93.66791277094283,102.32789537421802,98.42455206871955,97.03597405987192,102.89000778807988,96.13134759332549,89.39828916267797,109.76390152977754,106.17371404176734,94.14453734207069,100.43972811277317,96.9059207209735,111.14301858092965,109.44645238597471
2025-05-22,102.11761677768409,100.515213494965,93.39951687309488,106.30552844581665,98.89953186315397,102.56801057311118,101.11517842190601,104.56798035803014,93.54967176610867,99.3470299961868,96.75351090857744,104.53583326262394,112.41073106401035,94.18098514998603,103.5748290837398,100.42602766197702,94.56310599097057,102.9630671759,99.47410478403889,96.50073884831136,104.20740185371422,96.32894719801789,91.47355003530323,109.07471371168798,107.90967784493259,94.34244812553334,99.78831010915872,96.42203488691916,110.82267127273533,109.87061833237662
2025-05-23,102.64045226571959,99.94151349102641,93.37516228083389,108.44779880442852,100.62707503325468,103.0043342427852,101.15318190007422,104.6880116847484,94.1631897388391,98.32423743098839,96.4961343711541,102.86724918874634,112.80995418661563,94.82818108968877,103.09164262144041,102.00001442526705,93.33734032796822,101.49869229569016,99.69855660259886,97.5478371509235,105.89132954517208,95.87006293514895,92.55223086873453,109.03620524218726,107.73705054499177,95.22610806302,100.44063298757214,94.84564272993492,112.29921162246123,111.25070968652408
2025-05-26,102.01488956421007,100.33731702446383,93.86919246711663,108.70847257025243,100.07676987940927,102.33271087484715,101.12762782908277,105.86074070400777,94.70678989343352,97.95362309890228,97.26783308180244,100.01870656811627,113.95871988698772,93.08846731091067,102.72920168003729,100.88034453064091,92.04265885224731,102.65951908306869,99.23085540128696,97.89434103265422,105.8444089662929,96.34710376237207,92.62905275979479,107.7532130179987,108.73331736443892,94.7323514798587,98.88405108891239,94.417527568969,113.79997141309553,112.10093142863757
2025-05-27,101.6662374298022,99.9880593201454,93.54755741589925,110.78522055381326,100.45870533164081,102.76275252203823,102.15791128311461,106.09952986303428,94.44774774761282,97.7572732498173,97.19623182238838,99.98148433160642,114.68634943062472,93.14041319671797,103.46184175725287,100.79962795053233,92.1212940425634,100.66131839853658,100.14718307598945,98.24082950855221,106.84241907615255,93.45084838417839,94.71742746457551,107.61362338984353,109.84150018117643,93.69244555273318,99.49682499397495,93.36411200579535,113.17620245239974,114.01496278250436
2025-05-28,101.47555502903886,100.20549219332511,94.41762514658801,111.28090244178587,100.6091242367844,103.12771352450446,104.56132686835288,106.0419110660007,94.6488467943278,98.80792764582492,98.30175775534636,101.16851463716681,115.3250796526539,91.9974082839875,105.09527328955396,99.65328255751363,92.42392950780244,99.90704254851723,100.08304472939645,98.56959191885569,107.16377629160283,93.87276913841367,96.33113873363416,108.06715769135751,109.59734354588578,94.65653272102153,100.6862954828996,92.13650419065836,113.77360252224959,114.71613552481526
2025-05-29,101.17799152567886,101.58119900663674,94.26756955955548,111.40647889525741,100.43605241250053,103.14329257208593,103.46505178145769,104.6018601834064,96.24335185755277,97.96096629750659,97.31036540589005,99.01512452356309,114.68611790496439,90.67431849057999,106.73728844969034,100.66309964685627,91.73577916262472,102.15947835386153,101.06481021638805,98.24476053534707,104.66437057672925,96.16371171100441,94.94156626687057,106.42175894440061,110.61991397789542,97.0962851273608,102.07056830141012,92.70041331071072,114.36835686391487,115.56955108359556
2025-05-30,101.93692011546563,101.86239043060611,94.37177066350735,111.34388576735789,99.68208782363385,102.86261749521915,101.77209496726229,104.50352055661165,95.25476075040184,96.85737698029082,97.49025955704353,100.4071268099077,115.60443451096671,89.10381788695682,105.74766031312,101.60387083484449,90.75329176908642,101.93484520386451,101.6148623154126,97.27641608048344,104.76974608287522,94.8296862160862,94.34019862291935,106.74154087854315,109.02692024436375,97.5367598653212,102.05093050248344,93.25290326512787,114.59227099797954,116.9336915135694
2025-06-02,102.06214461811354,101.43298488948086,94.49406816653963,111.88718379639428,99.73094789395955,102.90320918642303,101.07010327945554,103.8406196390607,93.85215547860216,98.60695372347776,96.24639632165224,99.71422161211179,114.88602724539751,89.99874226390126,105.45271063482797,102.85161290751822,90.07980114484255,102.21383936608831,100.77951526215284,99.42156520825682,103.5821476638457,95.13950692631323,94.97397550385145,107.15533997599465,108.84163258548605,97.40693916558777,102.09474197446255,93.10590126349938,115.55615011477445,119.14421451516075
2025-06-03,101.5046528331057,100.06318190990179,94.40578611818839,114.4668931340486,98.92727332598982,104.5423259918671,102.74780409353198,103.2870313973527,94.42113855778743,100.2353503466063,95.86726858066476,99.51064125200942,114.30434633144887,88.9839855332084,104.80343308976197,101.62767264075596,90.11388461310177,101.44386613502967,101.01330117394359,97.8656695620532,103.91302789606016,95.97303588792215,92.98023986128,107.52939654584222,110.06930157795934,96.19729814689657,103.76731436130025,93.52492027286543,114.85113825901604,119.08844543750305
2025-06-04,102.06297974562742,100.1391873013142,94.94454211063476,113.54621954096923,99.0966341500259,103.12861149496212,102.63657803218328,102.38312375588791,93.68560861519765,101.47144352181674,96.95857870125903,100.1197793729166,113.21203356677628,88.66757708351359,106.01653078974114,101.76938955439587,92.43321415308347,101.83718397442404,101.20535029043361,97.5565530978507,104.04656880084244,95.82056605154162,93.68834853796858,108.48609886263681,109.28331211745139,94.86606519333878,101.93110898819695,94.03291159977796,113.74777165284216,116.93555484455057
2025-06-05,102.4515583501584,102.63218681874699,94.93847119909486,114.38471031542088,99.17846350857347,103.02972184177098,103.55565451517106,102.09284921169926,93.95300092926956,101.79314132801275,96.29048824761598,101.11182172245313,113.03707381008087,87.91183192402075,106.55304063331155,100.87092157260483,92.46139531045259,101.82806497777983,102.29124585626519,98.03125133073065,104.02154184209729,96.6383323507419,95.0785560869859,109.04390916898868,109.29366473729478,93.55422896098862,100.86599532512157,93.7276868954233,113.13825945068288,116.74858354156513
2025-06-06,102.5082082750555,103.16187957310372,94.86797242103576,114.87121195924708,99.24293792338358,101.0542552754171,102.61631912135229,101.94876165597765,92.74330618642846,102.39307005800896,97.82123907995968,102.33058357415044,112.82363093915066,89.4025580608707,106.70170809051366,100.53383560148679,91.84799264691165,101.52559529129171,101.90306903772397,98.20166755310613,104.18211582314716,96.64137837089531,95.51549425673225,110.23455544377501,110.2432188727361,92.06933099253872,98.31207419021962,94.66200680666257,111.77138075226746,116.52381813967244
2025-06-09,101.33809524899614,101.3598991355237,95.40943514924055,115.63036711954972,98.66642752265686,98.4632129832722,102.07007467309981,102.3405656613802,91.26439461765432,102.57642997778811,97.80592923078669,102.90987507375152,112.94321130756482,88.42948911998914,107.89827959217814,100.37530602845982,91.82068810740172,100.59232733221852,101.45978678653246,97.31686483907923,104.00916976322374,98.35308685103766,94.14359311380089,108.62099404589827,111.7143892002297,91.86000731538687,97.64300145155971,95.70191149405865,111.1657652125306,118.34982785321938
2025-06-10,102.01602112033541,100.871987727378,97.56674336250606,115.02465219654638,99.40852289466618,98.76250556367869,103.37181596249862,103.90207685810705,91.29639876672009,101.82301210744193,98.2659013737258,102.23215970399943,114.95659855509145,88.56602445107188,107.53295804086603,100.55998633432473,90.47356181787202,99.62071329370787,102.66020069447688,96.65997056010784,102.96225878054179,98.88973960356495,95.32929726846389,109.33994735656334,112.71043688603552,91.10321222681739,96.22119078481786,97.20324514601414,110.84308537368847,118.09899483676432
2025-06-11,103.34421526218446,101.42821773677865,98.02263113458767,117.18965454144747,98.76500466428602,99.69034569175992,103.4288290873957,104.1706691369703,92.82486719313262,102.33084786373155,98.80419745277543,103.30466704130923,114.59164582554855,87.72681478373288,106.48814884684501,98.59362974494873,92.52976894781234,98.51750492798618,102.43894707089112,96.38315726021892,103.26966547835089,99.70547681610424,96.18977075682363,108.7568699179944,112.54331517224911,91.3857921773057,95.97249965863432,98.81059072203414,111.3340603253267,118.83387262281414
2025-06-12,104.00709653085187,102.60169159426398,98.20365269329137,115.89282259349162,99.16469261603868,99.03898879796809,102.90021240564595,104.7570331557254,94.06315026456626,102.35211944046762,99.1130304653744,105.00688198594446,114.83239900503713,90.32849789791327,107.05365849247656,96.8328669857929,93.28311056891688,98.89866331286895,103.72869982497386,97.05633861148888,103.13120949436711,98.48117857981488,95.98074749953761,107.9063494637851,111.96279172244438,91.9743705817263,97.64240416298573,99.2052622518571,110.13817726329152,119.27847529103428
2025-06-13,105.20372801749753,101.9919086899446,98.06963552661846,115.90751078822082,98.37979430295643,99.68726923181195,102.77926425703816,105.17656559963243,93.17565808676416,101.9146611401442,99.83541182320216,104.63404883385269,116.55936285627052,89.92886171229867,107.27834321822844,97.765457817666,91.86474483598384,97.13785450088818,102.20304351040376,98.31892271491606,102.57935134847467,101.03937786548313,95.41649990088023,108.09090076698213,113.50490167501226,93.98046346988544,99.70390773962212,100.41362848245025,111.16223978910298,119.87100224023547
2025-06-16,105.98208909366416,101.44072297361606,97.25143664319614,115.90413633080986,98.2096096804315,99.23404118248467,103.47565170449488,106.13187080820293,93.26406497305601,103.39219122119947,98.69372270906867,104.44038937457297,115.84254053566772,88.0623250952256,107.19566253238574,97.64371030928271,93.37819457922598,97.76866618544295,101.17885668607455,100.17301528125024,103.80038504400002,101.62147556895174,95.19001580203039,107.13146153025866,113.13269489894121,95.06921208958961,101.58849404555673,101.95687201072244,110.67339036731671,118.75138480694646
2025-06-17,106.12297534057537,99.6722836080532,97.57460435738092,115.7565337445112,97.74357317856327,97.63933811521788,103.98925181106459,105.59916996854102,92.09414813734571,100.51992900791781,98.66620780401803,106.21264097124272,117.50379975021559,87.60522883863933,106.59345047202396,98.11248456535773,92.37980914003768,98.07045808526242,101.94493696445925,101.39994850513456,103.70023096752007,101.41780181877478,94.31203321527383,106.30458117621879,112.90621600703967,95.4365775964058,102.50207867178997,101.1536930600421,112.16607893627624,118.48026120590389
2025-06-18,106.10160804622693,98.9250719289054,95.15036409710798,116.64057914087225,98.4804170756557,97.35801055809966,104.05624252828946,106.11510918624512,90.53160228045917,99.99087633057152,99.46047248363985,104.95835154807347,117.79735768238223,86.24864703401593,107.05988045445748,98.07684308306025,90.76467732413218,99.2351974397196,101.2103453876612,100.58969606812018,103.90080016475102,102.56643916820349,93.29621139629543,106.36626102606677,113.33503250737026,96.12968320366893,102.67852022706721,100.78666522095877,111.33848871562752,118.56640508895026
2025-06-19,105.02946903424132,96.00372144541078,95.58692390126565,117.54451398195845,96.11748464011386,96.34827985338973,104.67539678929467,108.17260465595682,90.55239598813458,99.26287338934239,99.27757604253502,106.33322796722166,117.15139350325768,85.44945502736567,106.57713693227545,97.12351447480154,90.88734764012698,100.85987589818916,101.53342466077723,100.3373425659939,103.60898889583547,101.00324835950684,94.17932117344259,106.28842382905397,113.15455259377963,99.3227907715138,102.9772731354329,100.03487417086359,110.91213111942197,119.71485079814701
2025-06-20,105.14273944477908,94.56544346709342,96.50615283584085,116.87636989641945,97.9907824163314,97.42832791910438,104.2280748936359,109.45362101769193,90.62025149866199,100.11564706446461,99.76230885982949,105.48687131223079,116.50784367094022,86.47941584494684,106.2423616001689,96.71986601155955,89.93222506077763,101.28347496378261,103.59594958002037,99.26980965173962,103.63320835250823,102.41546891492226,94.09967978219687,106.7407956253037,112.09215906563274,99.75109786872144,102.79012887042835,101.02060416654345,112.09951717098673,122.30441444016563
2025-06-23,105.72237261799266,94.89123978367559,96.7005371374182,116.52320360360876,98.32926625979309,97.13292650896535,104.39653586990552,110.77121855329989,89.61370893338234,101.25552562559365,101.07942392716936,105.36880278523971,114.38598877193164,85.8715938578524,107.53935614673001,96.69699794926066,88.9329228284827,100.77870004255439,104.43656960652493,99.816543219941,103.39427625333853,102.04864450310758,93.70792163315305,105.8183854408052,113.70753475510219,99.42877739951011,104.00728739125384,102.5419202184659,113.09782806913469,121.87279412744758
2025-06-24,106.12610270832927,94.86704417728467,95.79683527668806,116.84756288533036,97.15022646863329,98.32060589742692,103.93191857260713,110.97237820917273,89.89699680492849,100.99662065188957,101.66611772864462,104.89389912861718,115.25728606938887,84.52561417760566,107.66573572627644,98.63592694831895,87.93259150387713,100.10095507202955,104.95047745618385,99.99612500188059,103.74490635261209,102.53783163325524,94.34264310171483,106.92808528276142,114.1173534120307,99.18751974489156,104.67986109245658,104.44180215336112,112.96519432275211,120.89826482277694
2025-06-25,107.23318337761624,94.74666301333107,93.62416573067402,117.69498456248078,96.61489828267936,98.23007261512275,104.26389890317614,111.1628778889518,90.60644862206752,100.56113428131972,102.1792235268207,104.63435245103327,115.99609655027638,85.14098166161871,106.73029702423183,99.72190906449399,87.39662805876308,100.90901287031069,105.31776476958518,101.83430867867571,103.52144037024024,102.18851483713705,94.3232234958271,106.62490549992714,114.91729531397276,97.57120913645498,103.62617867331022,103.37399923178192,113.9155019147257,122.60887819535887
2025-06-26,107.12873415907877,94.57784129014105,93.69421789378721,118.85686286508897,95.6875451484888,98.46844159785753,105.23909653295857,111.66397205889164,90.79603023866628,101.56218037388687,99.47599123382147,105.31222777056416,115.34202086714896,83.31034876476225,107.24149962375682,101.09556760965694,87.25917954413539,101.86188741751363,106.93004302757383,103.14922313225976,105.16140489961164,102.93064232820893,94.39865713472868,105.02293968802998,114.67123282584281,96.72796254113878,105.79712139080803,103.1981134193496,114.03870672151018,123.16036357139933
2025-06-27,107.17233660545122,96.2728923305718,93.07156853205275,119.05147032032622,94.94507456279075,97.14841908663684,104.62732744205329,111.62693526184323,90.366728014149,100.86975939401302,98.06967377014963,105.22912219793548,113.83730049311795,84.07040472845185,107.32393937669131,99.63801611019201,86.94997046708554,101.10973101192305,107.249217537993,104.4896735782829,103.28623242996589,103.04566840735636,94.23852433916204,105.69427976448044,114.88442945408049,95.97599320939996,105.47806745514141,102.4020875625461,115.11471386010876,123.18167522007127
2025-06-30,109.07352729120423,96.21223151675719,92.3631617651423,117.53775592771339,93.1419348865348,95.56428314363134,104.89445409306477,112.13566028507316,88.78553731211687,101.76479770808913,97.5866127184662,105.37591520992103,115.44952112137338,84.96724404431738,107.0554087287855,98.74682388477672,84.79815506575622,100.39057769268062,107.03808729916531,103.50249405113172,103.15497546287358,103.12252029031512,94.01366835735396,105.04427718365699,115.05308412604722,96.41793385896938,104.38766837769856,103.81301994229237,115.01612572782452,123.20052484301613
2025-07-01,109.7817417144608,96.44544764802069,93.31629839905554,117.82488009291521,92.52949751189436,95.92578666883745,103.75072788574411,112.24421999084969,88.75230732147241,101.55668085081659,97.45807520702726,103.49406616442339,114.90079621363242,85.0600889454585,107.21526512078289,97.71914874385077,86.06386290662093,99.52440284446612,108.00754449969205,103.9296884130034,102.50874815302979,104.89783118292463,92.82003152559749,105.96343135726698,116.0536664440902,95.74731364989273,105.78013367776289,103.56297342769342,115.30481935710436,123.46084668178734
2025-07-02,109.64743297299025,97.25625592118047,94.10978711960774,116.07634811967704,93.83383775477252,94.26329468080176,104.78327409008577,113.37092512767727,87.66134089125721,101.14586656286201,96.35237053854134,103.27914513413465,114.59276192944668,85.83974947772784,108.52557386690249,99.11483255464071,85.50169488004262,99.3151809707216,106.3241063074711,103.12381834650722,103.47359978612724,106.51341400647286,91.58568265371756,105.3709670981141,116.02726068713127,96.02747480871234,104.97053015784124,103.9870344721575,114.83098001003346,123.44639441090906
2025-07-03,110.19371722099395,97.26267819099141,93.67340122908118,115.9667383157512,93.74547479556718,93.89328365091964,104.52447802741867,114.96957229818199,88.22226033919846,100.85038624483285,97.04932494305207,102.94532564437864,115.76588656703332,86.20939166992594,108.41827172289827,99.562549480451,83.93081872797413,98.1884135018118,105.13018130107204,103.26676144127093,105.20611478561233,108.7447141526655,92.22373375515832,105.87181157305855,114.22620295297853,95.48480100897831,104.182746405933,103.36618687390639,114.66283619144866,122.97430383321193
2025-07-04,108.21441741061815,98.01058844710894,92.60065820334138,116.20598517986235,95.81955746531716,92.97389905933322,101.99419050467233,114.68356807630188,89.32321997419703,102.80873369905343,95.81977534859965,103.44202486761516,115.30057611025326,86.1034433156218,111.0626150699153,98.05957915205585,84.18455838946869,98.65610667357723,106.21596762601139,103.36474459474182,105.51416532511644,108.35306558524371,92.49286069640343,105.52861929756114,114.84777484283458,95.11519067293469,104.5598467998352,103.3369240602214,115.78888644222083,122.92291010962344
2025-07-07,106.44138494241128,99.27250994782294,91.69492590247876,115.55221884121353,95.22389617127367,94.34833715250403,99.85851629069364,117.82131660996187,90.37927678326308,103.0319726131826,95.76488134798336,103.72757894247282,115.8216985386326,86.74865890157186,111.61821953591875,98.14915983331109,83.98721996916137,98.50483338992372,106.02105934565871,104.49851469160889,106.1077220473973,105.41267695057942,93.14876147293319,105.72335549227991,114.82906608638868,94.7266722198458,105.6839595198212,104.28445052234427,115.01600877439722,123.32996239674799
2025-07-08,105.46972820786999,97.892891783034,91.06820867788879,116.4146123135963,96.17702121664975,94.86142257260133,100.58361207754163,118.33749489707682,89.73779518804012,103.46389515785654,96.56529087321105,104.48187027228639,117.01061191010724,87.45696274877292,111.96966774346033,99.21931007162752,83.96069870991232,97.622958738696,105.85799238171495,103.75361204680243,105.43254377242292,105.26815827986391,92.35634155193323,105.41539396264086,112.9354514194349,94.93996592721874,105.68516499518343,103.46736189127608,115.67525444282963,124.26753253437454
2025-07-09,103.86216834350101,97.1301670044678,90.29906632810149,115.47470921248743,97.00649605858149,94.66759643382852,100.31909723623103,116.33363253267008,90.37321321824935,102.22463676300306,96.62522350347737,104.75924721024458,118.37127050594589,86.14814234965381,108.9501555876395,99.40315961638122,85.76120989142316,98.86190509163544,106.06765179698958,103.26197586117038,106.23966636906023,104.29461208015944,92.83269932128944,105.9208641218075,113.99566132693379,97.69962596612982,106.07758096236219,102.95839826556858,115.64968013063763,122.49845662948543
2025-07-10,103.16745521241195,96.72088456635468,89.7749779301669,115.62706408452115,96.1840761261993,95.788627101153,100.31930430114922,116.32433221153147,90.04531850173643,102.37982744686205,97.45032176814502,103.89211699453368,117.71315401687063,85.84441632087714,107.60428466416629,98.58390175665971,85.2849890178785,99.73629427234816,106.3302131259915,103.45556577253794,107.0905643312282,104.15724029176005,93.22316417121833,105.817642368875,114.26102367633341,97.11686730851822,103.63876380408577,102.82411910338227,117.07242826673757,123.42467203172703
2025-07-11,104.13285269700313,97.9570152881609,89.86363552112834,115.82437979192675,95.56642423076495,95.47255424512595,100.93507545092037,117.52821664870028,89.90587222605544,101.92963818201063,97.45084972700161,104.4933237434628,116.2692992007371,83.5482353677399,107.05374781467471,97.36318933074556,84.7768488202312,99.5885139535307,105.87696471696849,104.90803330700868,107.41730909583052,104.45771465137086,93.84537131526173,104.67880925109424,115.30013546375368,97.04110302198276,104.30924442132698,101.75226187034212,115.5186695007215,124.24256168975205
2025-07-14,104.50926222310065,97.05496373380339,88.99397243985365,116.94981457634151,94.37701233789761,97.11522719838192,100.03445471627249,118.16660857430867,89.57725375030645,102.53282561309298,96.90673572488741,104.33053083739051,116.31021837613281,82.54604791195842,107.79457216009483,96.84997576427398,84.54824890489118,98.59416457892218,103.31463105817318,104.71700554440851,109.82992451744343,105.2423189392689,93.82611093552734,104.41591842188596,115.32260135656573,97.58822213715798,103.12843160601814,102.866583565011,116.23405081616275,124.96074741545998
2025-07-15,104.94773796191038,97.07458039149739,89.66683367582047,117.54162871008289,94.02297162695659,96.54162542548501,100.13631101153449,119.71562872580385,88.33814667465255,101.06530034734054,97.07149656612393,104.38141853924652,116.48356004050322,82.79000110986694,107.57136990546003,98.33983920287605,82.94734492641467,97.76566755414193,103.21137629802413,103.07381673325435,109.65407011301136,106.90378910499692,93.8469974238233,104.64661932760464,114.06243659139314,96.9718607291185,102.7532352256942,102.54886846825477,117.51569461116652,125.51843847618511
2025-07-16,103.83628000497333,97.32108516992939,90.16505542431725,118.68177774860416,95.60351231352497,95.52653123365714,99.32545350032414,118.45805086688924,88.10412681554557,101.53165872178687,98.05883108271303,104.305467515604,116.16371251724838,82.94175910211567,106.73622700383001,100.42937792457083,81.3396838992966,97.95040813303766,105.23498251725377,103.08061657781434,109.46403107800987,106.54634368218649,93.6666057420609,106.01946780228117,111.85057468006363,98.50529443041482,101.32927807324405,102.28221613902035,117.08645019086785,126.10699174595582
2025-07-17,102.23815565308959,97.78325783601133,92.1893650476041,117.31860374401134,95.79321848113537,94.86454905586054,99.75134070651718,118.47719864430499,87.46263990650127,102.01953100665794,99.86317919249977,104.1145637238767,116.88347045939656,81.64848614424452,105.77979062701199,100.90178420245121,82.82379992783257,98.30602148182332,104.92192448673062,103.07990798323769,108.21362334404014,107.15085900854186,94.5489388043843,105.56737746944809,111.38053253230413,98.77117266006688,100.89255833720345,102.21608352439452,119.18617198003437,125.85996604520983
2025-07-18,101.87981550106836,97.13571603037617,92.93355701910404,117.13737957079324,95.14384544281394,96.18585308813354,101.17094371103082,117.87677507856628,85.59609995514064,103.02704469649487,99.17854936673977,104.90518932303947,114.91336664168473,82.54108348254383,104.56861869773121,101.63254832151773,82.83807299566901,97.35208206242667,104.51488817380383,103.7662264401944,108.31951779715538,107.73527198901434,96.5253793888998,104.00313585773705,112.99774510727276,98.87552859759009,99.99377428888033,100.88576989865554,118.99705158925734,126.7816161571343
2025-07-21,101.75226638069084,98.64687096062352,91.48238132905249,117.12529062294719,93.89145199840083,96.54948497075851,102.05783110112812,117.45601328488523,82.9918860985135,103.22599284329137,99.61528791847329,105.30948407800116,116.14914883350689,81.47002980289477,105.24883480318167,102.8250558339957,81.0594854116625,97.67173388834564,104.01070834279616,103.68470376709276,108.66719428069372,107.24804342490079,95.84967130973818,104.03728827522507,111.91049916840996,97.7897034687049,100.67314757183684,99.73697586349688,119.66336409016655,127.24420744998824
2025-07-22,100.02645965190024,97.96930630828787,92.67649073209985,116.14412509180751,93.42704773609142,97.0115458640104,102.84122161041071,117.20447439884073,82.39437590382187,104.64836270498986,101.35418758227087,106.28834212878296,116.2344669760719,80.66176408125385,104.4183903966251,103.34756993926146,81.47788363255117,99.07333248129207,104.6611584353323,102.18162346533293,109.71914189841664,106.24998279758637,95.46570003778582,104.28748848147676,113.90616665819392,100.89962202471027,101.27987063097302,99.55377924477649,120.1978697386471,128.13186287586208
2025-07-23,99.70579202634305,99.76451766420018,92.90656149129126,116.6418681808989,94.09297198814589,97.43313247462487,103.68016211088033,116.58722121229381,81.83607414987584,103.54820847201817,101.79368881289109,107.06727863229509,116.69223984222378,82.33625651460139,104.41279437779605,104.01631159485397,80.38618275641186,98.68623277881768,105.35669619289808,103.03072557607608,109.42517495075245,106.17838354572831,93.94782629110502,103.93045928067015,114.79654982171371,101.47482704081683,101.78053635235423,99.60355293195745,120.20493289727528,127.47154173638863
2025-07-24,100.40462044654558,100.18549060858957,93.39858033928405,116.11583333823131,91.93962906827466,98.53028518637856,103.20132465487193,115.72444544825069,82.52955306178983,103.15619583209904,102.85362519693771,107.68428458187178,117.37580916542427,80.97030080340085,105.62473836318246,104.27756212608783,80.01690561716566,98.82962124615993,103.58046095999975,103.43937838755674,108.39580344257038,104.82571325988476,92.42546710488713,105.04314765566008,114.16728642802092,103.00855475073332,101.24473488930192,97.8961949743645,119.08840845732662,128.70735335639557
2025-07-25,100.24872226860892,99.63720331209898,93.55859856513685,116.61761607439887,93.0570278841771,99.97878441627148,102.84155600908284,114.39839776216866,82.11608790066656,103.41647633868193,101.8898662707271,106.72713366697673,117.71959704697416,80.92164845183041,105.65753535859405,103.51906679138776,79.78650490295989,97.90538810189162,104.47065937112454,104.4746277222805,106.54961558033229,103.89620239969236,90.92893784979705,104.39312372125318,114.08384845823056,101.5589095310348,100.32287507617662,96.892237602283,119.29567578672557,128.7766976934318
2025-07-28,99.52698471527167,99.81402418423838,93.01191848054958,116.34596096407282,94.73047997447564,101.31924546806184,101.54197477215524,115.22813018004783,82.92748445515815,102.26821304992932,102.70864391448195,108.26506558538928,116.59705224072974,80.00414563081614,106.67519682543754,103.79056210221341,80.33798117819941,98.24597731829212,104.86135529205269,103.14815559396942,107.59693328695374,105.06579239212013,90.69954710572902,104.34964677143932,112.55274095567484,102.07316428705263,100.89493251789077,96.8300465852837,120.42002914659606,128.44262046245188
2025-07-29,100.09159064116525,98.79435984554625,92.98836632967534,116.17160670616997,94.95578789651658,100.94971853922847,101.41050217648358,116.05417735148933,82.49072021791993,100.66163594919064,104.45822781868738,109.64651966407978,115.30478954562412,80.69385343606133,106.1722220548862,104.05404931754447,80.6322053072129,98.0115695179758,104.07758962646629,102.45761454165316,106.6807413714725,104.23397018388968,90.63236881567967,103.63388678232856,113.23479302138746,103.56041044238856,100.31487927652071,97.06945108581907,120.919714256899,128.91462273337115
2025-07-30,100.16754590908135,99.53704226390599,93.470615282356,114.93394428384268,95.82494396090586,101.83700937649522,100.64721607230499,116.09211518693694,83.174049210731,100.45232212961128,105.53120586645339,112.01039215869913,114.51880351298914,79.31280883290756,106.47604065049107,104.77561182267061,80.40133893336814,99.46483018129683,102.73898382674304,103.15053316468477,106.0748805507136,105.95334809009698,92.62488416884779,102.86723019454521,112.68523588547887,104.41999832936837,99.9277486267312,97.02403986788683,120.94510267744141,126.99494957717349
2025-07-31,100.15370816298712,98.8473144898418,92.97749245995622,116.37757628731148,94.5684370666266,102.6502145632432,100.36825314197318,115.8123550184411,83.96442110678271,100.79237342418017,106.10181886367292,112.97857681923199,114.18749512980582,78.7005720983998,105.39089012393327,103.95020129269166,83.35043335867687,100.70950976203362,101.38790946053503,101.8280752079412,106.5567466124321,106.50061288747496,93.17376800416514,102.61227440099152,112.55978162547598,104.74787785352773,100.01364163302453,94.8047394951393,120.71530304686621,126.14354314291317
2025-08-01,100.32891958189562,101.83257349244522,93.34497412543053,116.0640466011391,95.49023856860386,103.1329024504524,100.78834763242502,116.41920561165676,86.02096467161225,99.66148498885426,106.57545094048437,112.05219568925045,114.74300777614806,77.78188558691372,104.97352331032819,103.65511137845375,84.32625007802157,101.62796420597603,100.14219208408863,101.88300931894105,105.84716675768293,105.24210797679962,92.95675095374078,102.3037916125357,114.9864981118215,105.18083767888842,98.6360241322703,94.23996549096836,121.73668634229561,128.2319859157831
2025-08-04,98.74293626965766,99.95264910730617,95.21593930080232,116.45366077851,94.62194583672749,103.66753153657484,98.15259989340814,116.42258111825393,86.34878584445534,100.58575512839208,105.56155498819184,112.13788285065381,113.81758315008848,78.03726934258803,104.07817698796516,103.24701053929353,83.33043468323135,102.27910044779969,101.0006432007453,101.64838874898363,105.88540475264296,103.79351656216608,92.65707430573399,102.25358699549396,117.60729120285147,104.06887065311426,100.10020137102273,95.23682426443416,122.01732274678575,129.99060639997825
2025-08-05,99.11504174226452,100.3418083029741,95.16281864778476,117.67722966092863,95.71841507053837,103.04185424907863,96.83335269880938,116.21960048085828,85.54874728005768,100.52223055377672,106.79899312287598,111.68058119556703,113.7747597687769,78.09529207739642,104.92660787017046,101.00012120530893,82.72373438846604,102.49038414007916,102.20072215717217,101.15648630147743,104.00885204660108,104.41322800813221,92.02171191690836,101.0639203364036,116.98294581313824,103.8843452954584,99.49545670648452,93.0312582073351,122.91438894367289,131.26548144125695
2025-08-06,99.76656373360403,99.20412263254929,94.96132711383724,117.67070834569917,96.31720946010029,103.71019473779671,96.09917890003088,116.30159603727184,86.00602768467293,101.9780528759235,107.5034996627007,112.46963788294255,113.85858639670626,79.50575122259993,105.33637066612995,100.13903329513536,84.12710435859123,103.1882874126182,101.75767813604368,100.67699333407819,104.30542759174183,104.8764128033998,92.21900418253956,101.37522900984648,118.68290318771463,104.9558884476933,99.68609229774954,93.97256878810258,121.88186504014534,131.66340849120377
2025-08-07,101.57587008333714,98.9860767371569,94.11369318521817,117.01861945710611,95.22757642275789,102.925432829669,95.72867080144086,114.89602901809319,86.02164601862253,102.88033004971014,106.59574348255379,113.98892180658432,114.36937848523385,80.53633180822399,104.67853611227781,100.99355852220198,83.03517045819592,104.0785349134547,101.92951747583722,101.23024455406296,103.12983298611698,103.98134296112319,92.81623240079296,100.42688100562228,119.14610947981376,103.58875064123305,100.53426651041622,92.74004547333406,122.43416497782486,132.28903942484976
2025-08-08,100.87909826490757,99.56810330424163,94.37413544855173,116.47977760091337,94.21902173868169,100.96280713799642,96.07832084874055,113.33122624673113,86.11699021806385,102.61688183362789,107.27488625799198,113.68687630709445,114.03993069888676,81.26820251251229,105.01359414136193,101.30971447938475,83.50443804800445,102.54296279024759,102.6863061558242,101.84271334807657,102.11314985754049,103.73726248744899,92.77692511316532,100.29238422122054,119.47996944638228,105.02011742306422,101.61603323808905,91.42782627990266,123.05623496813092,133.61797274438518
2025-08-11,101.26590678559677,100.6590837294276,96.38640589425249,117.50348714702035,94.46833033432341,102.00789561208119,96.22320868183743,113.3551292900161,85.7655759823501,104.18029519246,106.45645759204997,115.21924403177256,114.53979482262714,79.86889633771034,105.38124343435335,99.20968797173313,84.12994606483548,103.42819427323658,102.09395020017215,101.96626104403215,104.06730729129077,103.23151578318705,91.71801752610872,101.77404762368315,121.44255663691308,105.02381309491207,102.6274962734974,92.76930219543354,122.31375073559254,133.1326669090173
2025-08-12,102.4967812987515,102.34409800813611,96.94928675442684,116.6236727935183,96.45539144602286,101.47692471426922,95.88807090066598,113.69746712450572,87.31973640306488,105.03427116901221,106.87132309241188,115.68253256189067,114.5833094912706,80.42703585222884,102.85168335665905,98.91308051266333,84.37126799975226,102.27718018961707,102.4802735179837,101.76178982304603,105.82278298960627,104.80453550840191,91.25221195699055,101.62320991211645,121.36860907130469,104.57215361875245,102.82252125752552,92.01102012654596,121.183135400655,133.75537813291757
2025-08-13,103.12631088297331,101.53978224847613,97.84464218518944,115.99209506435297,96.70855668406084,102.29726872688167,95.85445833596228,114.15220803664685,86.8033067591773,104.83780458558412,106.66546366153155,114.93595421535043,114.40653532815482,78.8784175533651,102.36052960951695,98.62820501929366,84.11508824725689,102.03568274374629,102.41850931812357,102.24123134113209,106.6973000637388,104.15477028155364,90.04901110160141,100.58116549987335,120.88140615010977,104.22023230093595,102.05252519132807,90.71490346229606,120.72701457318081,133.93680475303154
2025-08-14,103.72134034880888,100.9823591953678,97.431644363046,115.06539675550566,96.67711751368606,101.44884009269086,96.42758614920348,112.36634154471274,86.44367708672485,105.13891192477587,106.84929817785405,117.62898787933094,114.75633535272273,77.87436295652309,102.26506536242788,96.85195868582721,84.03448849796013,101.20262668674553,103.33389959368374,101.69169106653656,106.58053414794354,103.51921244014923,91.78786245345475,100.25992273375543,122.71396319358897,105.0343840630542,102.53459191866345,91.08363660961358,121.12081187139707,132.00913217368594
2025-08-15,103.44245695465813,101.82751716655213,97.3827471795719,113.66020690870208,96.62471306310859,103.15294560894635,97.6744778647382,112.3043375353467,87.39512636378294,104.77240490440781,105.14542659102733,116.70452189120138,116.31922412123093,77.60036987469378,102.02168138305285,96.55212048955232,85.93862508753313,102.82858560210761,105.55267982713187,101.53264585613651,106.87615863669063,102.00256989072845,93.26479687957301,99.0921431824875,122.93073875735159,103.93708153542137,101.94572509192476,90.24637417856388,120.51293661072125,131.47000947053695
2025-08-18,102.89418815973305,102.66085107833243,96.27788438650938,113.88074833571595,97.84267221541415,102.63974924443295,96.95655897399058,112.07381291016645,88.57485157214364,104.96651253536118,104.61421229641974,117.18839854238942,115.2169319713945,78.28172938513673,102.43028869075462,96.24431201841344,85.1000392890859,101.94190467982415,106.08749716347778,102.76162635862558,106.23885088966185,102.46095659427993,91.17776986097095,98.5075254518303,122.89967982448069,103.02739811843954,101.00921871713516,89.578594622095,120.80512933904762,131.2826804521306
2025-08-19,100.65595692640808,100.54015092569736,95.67101920865221,114.3384349217695,95.09516737268892,102.14001906828132,96.43031111747317,113.4621506883749,88.18982976043078,105.3495015201021,104.7554694365072,115.05783206258221,115.98513918802624,78.49712589059303,102.9385573304292,100.17054972484976,83.01592634958732,103.66660132958525,105.80004964407742,103.04895526302857,106.1933386443606,102.03672026088189,90.60793693273219,98.8370341874033,121.38250612780901,103.7779772859613,100.59302431224991,88.44852528305464,120.35511648105181,132.53982966899315
2025-08-20,100.12062183939186,100.89860454390698,94.94006293293673,115.09635677169311,95.78067511147913,103.98862790157773,96.25474717197395,114.13080549313281,88.28789729996973,106.64537330196511,104.03663704889847,115.80283737545949,115.79044189190957,78.43293771348452,103.03030981487758,100.42279012127645,82.89969730646536,103.88131451275578,107.37816770163961,104.0344049486438,107.06249323685749,101.58118073485802,89.71869610450386,99.79233474564106,122.2585529203388,105.25064796171227,99.98904368628068,88.21897662769429,118.71563231852637,132.14735856293228
2025-08-21,101.1171923499713,100.43210916467879,95.58054272813756,114.9058536656953,96.10473213970069,102.84093651176207,96.33995662160785,111.13966952223208,88.10100114180774,105.01490005824998,105.24263156544528,116.580244728224,116.25711287387564,79.9539439406439,102.08139329405275,102.17015331919201,83.83188887072575,103.64475922553683,108.51378784882255,102.92811143623217,106.23797907532982,100.97259101161832,89.18971839643984,98.7357771028808,123.48163598743413,104.99179356134245,100.34154865463756,87.64862526128061,116.89502901797786,132.4174159213237
2025-08-22,99.20493737455152,100.36347511859331,94.21222768930474,116.89312966492611,97.0160948618754,102.94669030303355,97.60366329926252,110.29335354476635,88.64448052047783,105.21471049196869,105.50665164677895,117.85259822833078,116.98960497665544,80.24266760346893,100.42650585782445,101.21010702391254,83.70917993713002,103.73813159981349,107.38358412414863,105.33978811181059,107.75437313058339,101.5747093320108,89.26175525772359,98.52356813297966,122.52971752741189,105.06927407986132,100.59930119478031,86.40686468579898,117.22920543522275,132.26215687249896
2025-08-25,97.29712981667413,99.50309010781382,93.7986221558831,118.7808173222663,97.57264798640917,101.61120873393365,98.08969958868016,108.74604955582798,89.7271715743649,104.74358584015081,105.41301545803978,119.17839487587297,115.7024414080712,78.84554941835593,99.84290653147845,102.24848587493186,82.18983386165317,100.90597600170291,106.93242526573962,105.89152891172151,108.95463488032223,101.1115479699254,88.8503286506076,99.6774688672354,120.65997582771647,104.6807533046783,100.78972508470537,86.85608340708401,116.71939874203187,132.2965978842048
2025-08-26,94.80880246326115,98.84484169547997,94.25213086843756,117.79852328801162,97.63163220799876,102.05808123473635,97.74715038782239,108.91651332682456,88.76443900908029,104.53697456045477,106.023231627629,119.3353678368414,115.11591013850726,79.06976582264673,100.55751632211506,100.19854459635438,83.34890792660907,100.56972126302185,107.35791519897985,107.08877583536673,107.58296118309175,100.40210696749786,88.56177995473189,98.89371534611098,122.39491240355328,103.82398121085151,100.2341783052185,87.06047243868699,115.51724921595579,131.90091717244854
2025-08-27,95.12625572451131,98.51198129109746,94.15874400953761,117.26919117556325,96.117161898818,102.3796744460756,99.50208345946963,108.93491495760799,88.98970312632784,105.22969731557163,104.7539011310823,121.037882494971,115.31823893493006,80.70162272173583,99.82448332659108,102.0166065189122,84.12406342064385,101.1227613488742,107.591939653333,106.84024721729229,108.78349284156563,100.5424668373459,86.59471025114473,97.77652888440397,122.20906665136053,104.13398019401707,100.1775898163186,88.27944322848066,113.56614735191717,132.0445051089537
2025-08-28,93.30827649912416,99.27169358658162,94.06428529509562,117.68880114758737,95.25327893822822,103.65913937773334,100.54380812352849,109.51845926061988,88.8601858794644,105.80955460086676,104.04700856309495,121.89343815399172,116.96771982925398,81.77223328171502,99.09488085678366,102.3780238361853,82.83092187688521,101.69515166004987,108.04254306619555,104.97043087776012,107.62170899765327,100.25932794060213,86.29385050400391,96.56705194898517,122.59804538071272,104.38545380295757,99.98332068434009,87.52365172832229,114.61485447833373,133.699912222042
2025-08-29,92.82471501527763,98.6595266694268,94.5554929605076,117.33077176784039,95.113881737565,104.39879252945802,98.63445203602119,110.83676158547254,88.93286640379374,105.39806145630457,103.9577744088735,121.85586750901223,115.23651852580906,83.26717150916826,99.13620648905429,102.82102596663267,83.78247164745925,100.67398920248958,108.51601496523077,104.70278978686133,108.46847977286976,98.13210052025065,86.19475620376264,95.96423129320121,123.03030833134687,104.85549799032577,99.27569478951806,86.81147786414626,114.5041891097764,132.8032699947268
2025-09-01,93.66669871072975,98.29031946897936,91.64850474118597,116.95594971121858,94.07533791672103,102.76751671399707,97.39702539779861,110.94617005730552,90.26150723204198,105.71124593016955,103.35127102065776,122.31177170418295,114.77742821559006,82.57257114000511,97.9818438208213,101.06919715988096,83.3925479408998,100.83204269240971,108.41939129521589,104.28682285891396,107.52273371217298,98.74034671193562,84.87762428381606,96.74025920704469,122.02809131242014,104.10306275297275,97.80890959890237,86.31007571726062,115.47950156825438,133.31889808317075
2025-09-02,94.64512082275779,98.8124620149133,90.5448349126556,116.62516048689102,93.29513878760356,104.09809161803611,96.20023675137232,111.83986774669464,91.15446110215075,107.54086613188564,102.94158442802826,123.0240938637631,117.0590800521289,81.95492946307141,96.44680357328895,99.18918712597319,84.10525996976114,98.94889248435112,108.04707224227796,104.72413604595293,107.7079092490029,99.16579157611979,85.09991413961691,98.01912502035808,121.07577493168135,103.42606761451421,97.03625015363156,87.14026752912322,116.37990015664944,133.77012340248928
2025-09-03,95.82861448964772,97.63442114753691,92.21205902420674,118.14839910860329,94.0307607848493,105.87989052680717,94.54361354369453,111.31541961043197,90.41915764146879,108.26234545564299,101.89144368842612,123.78158901310059,118.42961619612562,82.65013236315542,96.73055459695044,98.20131378507244,83.25840900363576,100.19851138964779,108.82642124618329,104.68511652657538,107.289999703237,97.1399837030084,84.02906172093248,99.9305441074978,119.79531936067889,103.6155474357353,98.04369412682675,85.88534486112093,116.56461063143053,134.7080389399999
2025-09-04,95.84111381155496,100.50282420320369,90.54345976532855,119.20712763848717,93.85795904745284,106.65181068164384,94.98492069539378,110.58226341332198,90.64815403392814,106.4044440042447,102.49469118899752,124.07974747909111,119.06827636476872,83.70825068824257,97.09817443716015,98.34940320487073,82.37734066697448,99.48629062599875,110.01315586636062,106.12145193228136,107.05188926692495,97.18598645026168,83.1244473459387,101.10330095276524,120.46073618437066,105.55676487219904,97.16537104964702,85.50733696210271,116.7960565539561,135.3545284777257
2025-09-05,95.62544617400734,99.62986311274997,91.42486729425211,119.92826300103275,92.94168494688911,108.00725348274935,96.15511940459038,110.71655991056977,90.72775189630417,106.9585017753606,101.63298811874125,124.10977895825519,116.91589282015954,84.5847063337455,95.5366812147183,99.85282303329973,82.04722057300802,99.27462364406756,109.38542196027612,105.83341305835928,108.47042061207299,94.6981777937266,84.4014127320269,101.44132443386695,119.25371453651344,104.48145247914981,98.84176407685521,84.56183008215999,115.64270604336014,136.4918430200904
2025-09-08,95.96399905029325,98.69193753621359,91.64149226965674,118.90251031739247,94.04250634531172,109.06862444762248,96.68712560341233,111.07822097181679,92.48894002117154,106.95818810274884,100.45111399332046,124.5592528710875,119.00193986969666,83.56994684055965,95.17521844802431,100.26926907140118,81.99331572400229,98.29232006369025,110.50727981650658,108.15345378037655,108.6665520710969,93.7941095039906,82.85245220697342,101.69930041508813,120.3575918798297,104.95662022564518,98.83936023593637,83.97255843037068,114.55054241064205,137.3265943464153
2025-09-09,96.87777067167883,97.14620774952284,93.23133124783742,119.47658153828647,95.4421009904575,107.72649669913736,95.32130144799689,110.9292516620495,92.99172444806673,108.75454892567579,101.1571929071356,124.31657159427547,117.97557066203076,84.7999474132788,94.21051302227359,101.8977376261735,81.70893107439578,99.8829021363081,111.18621110656586,108.01645829093408,108.14715569927077,93.45320162664451,83.28076889934866,101.77645691130584,119.763780471761,104.79098881532755,98.91793726565551,81.84382433595587,115.00871052543074,136.34687312169848
2025-09-10,95.7244382684731,95.45886340241213,91.43743874996953,118.12113403517418,94.73308003282702,109.67975583666393,94.79542177210169,111.10700176831753,93.39220583457306,108.88561411189164,101.0797494464096,123.12127783067622,119.42649821030997,86.60714405691668,92.52785432815091,100.87370903528712,81.42912073201877,98.9183643413979,111.69217666002173,107.28818608852748,110.31221176707737,94.64375022098811,83.49334292998087,102.80344317462558,120.8696808961183,104.2270413272693,98.10172002111355,81.92196739892552,115.87034664992869,136.48593352035192
2025-09-11,94.14744178628209,94.6560389584613,91.36346588637515,118.04546843084835,96.70562220961683,108.29376789426493,95.30101101393757,112.59611487664581,95.66365557999586,108.48121668870768,101.57117889912979,123.69103818787487,119.62197994186326,86.50829885567738,92.96382971765095,98.34146295006744,82.1111902220814,99.04454224505987,111.46970176324346,109.33504828424704,109.63727774828682,94.24067423192308,85.4848962321856,101.97138186977573,120.31956561318177,104.08001590383846,98.9424545032431,82.12976990627882,114.57772130277642,135.95376495722473
2025-09-12,93.54008735306988,94.57881791323825,91.78930954500498,118.46367418673631,94.92961045556842,109.35770888182579,95.55357985993419,113.98064692423972,96.10785390728653,109.58253964644345,102.03772421057992,125.03726394407762,120.14423057788105,86.41038360923447,95.23626443809783,99.23050007234733,82.68493464308582,97.76823782852153,110.18139414577993,109.62776376638888,109.78279894605507,93.62655166691476,85.62587893179767,103.56000879781932,121.01496808773206,102.93900739408572,98.83094567610016,81.32480342542627,114.19002138636787,135.54014929159507
2025-09-15,93.06244177046588,93.32368254126486,91.66165486348679,117.90306654988902,92.00016176556616,111.41068090632746,96.64234951415085,113.60434619931472,96.12667295702713,108.41088529912588,103.73344708839079,126.93455263885073,120.30092430612757,87.43391425341981,95.41155121703176,97.8937746334714,82.27311127412216,97.9001657952935,109.72684642703649,109.40911048895384,109.69139938854595,93.54567316904931,85.67813742229515,102.49940373142272,120.29795193860413,101.65442312838576,99.80876122578636,79.21915648358595,115.3436117296848,136.92649868885792
2025-09-16,92.76026118348325,90.72054545343755,91.30034430151949,117.8388823886002,90.98956354563725,110.8954625125192,98.1725447130142,114.26927336161647,95.20210884264903,106.81328612953045,103.40642977078102,126.7210958595003,120.79712349349089,86.89859754085217,95.92305079239362,99.82892867353162,83.08861229656642,97.85207728796273,109.5436959559832,109.05243735477399,110.8720403009981,92.918359723098,85.72336013129514,102.55060163330381,119.7961677457926,100.28195758050165,100.13173572940403,79.15815251173056,115.84385219912136,136.39289838241876
2025-09-17,93.9810824822963,89.84377167222571,93.01238458553739,116.09124587877193,91.42433361019414,111.37089319504584,97.37698764507333,114.69366729947748,96.48162751240919,104.59646729017639,103.90917457827183,124.22782503917021,119.83145868996768,88.5277639057531,95.34126875900157,98.65504870912265,82.89067456758174,99.91998362612628,107.71201370877716,108.00112744313464,112.36947198417772,94.77606206663573,85.61992890700485,101.31154893077716,121.89201124760176,101.87639997225085,100.81068271716626,78.34575016279314,115.79482285828333,136.23253830137392
2025-09-18,94.31193378691188,91.29477311035704,93.89180162667479,115.01386980178717,92.80083006021367,111.68402533505899,98.06405344093224,116.16020815875608,95.37004726289564,104.56064171146993,103.37772002691261,122.65996561380476,120.1781686675726,91.03932045733752,93.50119101449582,98.62276809807318,83.53121750265652,100.04306182778245,107.59888565626142,106.70191107968881,112.60225872711788,94.01929808961981,83.4300072020263,102.50614115129089,122.8503970674438,101.92806094910193,101.03975740537196,79.4200681755087,116.01916251506141,137.13655585613526
2025-09-19,94.01445158603804,92.60675684893098,94.21258735260747,115.20792174539305,91.53076897150164,111.9709811893607,97.23209852343778,115.52192543222759,94.55467163457952,103.4944067795707,105.50249142992958,123.99130467579316,122.09853616971687,89.81642543778196,93.5724447644067,97.32926047286908,82.83552262545945,99.12493484436588,108.83846966270298,106.30568140158705,113.6706380608119,94.62341897920832,85.73364595413108,101.02669692815117,124.1096303072306,103.07450181950266,100.06637856734493,80.42720151198186,116.35530747808764,136.90907959618184
2025-09-22,93.19051609906603,91.8876473974818,96.2623994483934,115.20860456435054,92.3128989730331,111.18008180769314,96.45224557721615,116.60391024147754,93.20509542302798,103.07919301166542,105.53651884100181,124.10267727763322,121.91944288470071,90.21224521887788,94.26530052022451,98.06389801832842,81.84971881679164,98.8407797464371,110.03323252457992,107.20032858916092,112.29777860933083,94.97489887956053,83.75542070475628,101.07363183021154,126.00739732397658,102.12660910223367,99.23205552185334,81.19123129355472,114.81250596287799,136.2763245662968
2025-09-23,93.78695723664778,91.2533615497924,96.02642946118243,115.95279027466556,92.73444505656967,111.44690020398855,96.11312329794612,116.97397135674649,93.08136274292823,103.53699862159121,105.03958681588384,123.92010830325367,120.9294850921487,90.17723760887165,93.45429965659567,96.94985156816642,82.10837996464701,99.05351952229475,110.8161062595285,106.76920301958582,112.70583145616759,95.5256964518342,84.20019451258787,100.2479781474094,126.15676080624776,102.49074939828833,99.23923398876128,79.10475363518364,114.97299558685147,138.48885560569403
2025-09-24,93.4269179678908,90.52528445193708,96.39977802089382,116.26516848513214,93.92718022198608,110.18903204807967,96.84450355052111,117.56439341799795,92.93921620598768,103.8756859395129,106.0690442974822,124.79242368328212,119.78646578007496,90.99739579562714,93.38961105156315,97.02272566618194,82.18157695564871,98.90327653349648,112.00781375663556,106.6854850597366,111.58628532778442,95.13216659586446,84.37888922939834,101.47719293170645,126.75985549119659,101.64021411954128,101.72442390544018,79.36952894616161,116.24838632485049,138.33714117211682
2025-09-25,93.96027721259625,91.36475295645549,97.61797273264808,117.32253679051036,94.79937722205905,109.87394531688555,96.27275750856505,117.89700092832214,93.87234427832875,103.6529652387363,107.13421626319658,126.2450404287683,118.87014486100153,90.16047509183086,93.24923599265782,97.33033833437113,81.65700994188165,100.25547921236362,112.43188061815401,106.72493210797735,110.15037580391589,93.81635077943696,84.65989847968015,99.34459730555162,127.77249290084066,101.48206027516896,104.9675168750349,81.67744519677773,116.06693725560297,138.2308041695855
2025-09-26,94.95585872659828,93.06792556637353,95.97994367521207,115.53616132515567,94.17734241650467,110.45668290005942,96.76963109907264,118.966772383306,92.67264674996345,101.33682137576741,107.99223045849872,125.41684415580306,116.8516569966129,90.30553883779024,94.0424116808765,97.20828120224985,81.19916155569916,100.09611698021773,112.06129785575322,105.37688499603718,109.43569512692547,94.33763068445077,84.98157702105665,99.51265711151844,126.77734441898728,101.30055711303329,102.79045182859205,81.85592186066312,117.49579496341653,136.7566720375434
2025-09-29,94.36993105328052,93.39703234508366,97.23278630963955,115.08793670885552,93.48509208723878,108.48775975764333,96.87306922838074,121.00884842344973,92.95000521192812,101.3145423965837,108.31431276926571,125.40575215185447,116.03864262435278,91.12881875346794,94.26817320398825,97.22589445418352,80.22379552842092,101.39962491215249,112.72600060108634,104.82396415866988,110.43751998060739,93.84005984606557,84.19957352854561,98.75295399403815,125.0062758658992,101.7720994934515,100.9593069502537,80.62747802939735,115.420206954338,136.6706023447525
2025-09-30,94.21961059300865,93.07033613189729,96.19020861496898,113.91570295541888,93.94946195078535,107.93720782593485,97.1894275499169,120.12359973732552,93.1310679546992,102.61782043389977,108.90047856965849,124.99333833363798,116.29584159470869,90.88815357893773,94.27605338868298,96.90028340203502,80.05946032253553,101.61171826522666,111.7326419015044,103.8080853316799,109.04897742677619,92.23978874156185,82.98229083632513,98.91241650084227,124.11348835040731,102.2857139576826,100.99402069900627,78.6589738159593,116.07518253855969,137.4814009903442
2025-10-01,93.2257479181738,93.49052767479228,95.33371037755977,114.01337333216722,92.68496354383039,106.14410137340028,96.80661036030392,119.99987079105068,92.7333882610846,101.4337898756772,108.50057950752735,125.26263308621873,116.25094856458617,91.07065460953694,93.60593818822875,98.07200131675117,78.88328698598076,102.09927856231337,112.91453299446435,104.2889934244288,108.84645319971136,91.71149169489888,84.0183784873714,97.4894415755806,123.14336409002766,101.88815619219088,102.23167445651826,79.0387414520002,115.10713678004944,137.1710932849593
